age_band,avg_txn,avg_evt,engagement_score
65_plus,1.7277963019096696,0.5632009699909063,2.0093967869051226
under_25,1.6807145219980153,0.529407872973867,1.9454184584849488
25_34,1.6663046668623422,0.526562958614617,1.9295861461696506
55_64,1.655491744436468,0.5284278535534817,1.919705671213209
35_44,1.6478104453541744,0.5273746019931357,1.9114977463507423
45_54,1.641849659826318,0.5346534653465347,1.9091763924995853
