zip3,deposits,conversions
802,36883997.4600001,519
672,27027461.96000006,391
800,18247266.600000065,245
801,13764648.690000018,175
