corr_tenure_txns,corr_tenure_events
0.3841403124706111,-0.0015211363788386145
